1,100,Umesh ,Dangol,5/28/2019,A,9843000000,a@gmail.com,5/28/2019,O+,Male
2,101,Roshan,Siwakoti,5/29/2019,B,9843000001,b@gmbil.com,5/29/2019,A+,Male
3,102,Ocean,Shrestha,5/30/2019,C,9843000002,c@gmcil.com,5/30/2019,B+,Male
4,103,Ashish,Rai,5/31/2019,D,9843000003,d@gmdil.com,5/31/2019,A-,Male
5,104,Subeg,Bista,6/1/2019,A,9843000004,a@gmail.com,6/1/2019,B-,Male
6,105,Aman,Yadhav,6/2/2019,B,9843000005,b@gmbil.com,6/2/2019,AB+,Male
7,106,Alok,Kumar,6/3/2019,C,9843000006,c@gmcil.com,6/3/2019,AB-,Male
8,107,Diwakar,Dulal,6/4/2019,D,9843000007,d@gmdil.com,6/4/2019,O-,Male
9,108,Rossy,Phuysal,6/5/2019,A,9843000008,a@gmail.com,6/5/2019,O+,Male
10,109,Meher,Maharjan,6/6/2019,B,9843000009,b@gmbil.com,6/6/2019,A+,Male
11,110,Laxman,Giri,6/7/2019,C,9843000010,c@gmcil.com,6/7/2019,B+,Male
12,111,Umesh ,Dangol,6/8/2019,D,9843000011,d@gmdil.com,6/8/2019,A-,Male
13,112,Roshan,Siwakoti,6/9/2019,A,9843000012,a@gmail.com,6/9/2019,B-,Male
14,113,Ocean,Shrestha,6/10/2019,B,9843000013,b@gmbil.com,6/10/2019,AB+,Male
15,114,Ashish,Rai,6/11/2019,C,9843000014,c@gmcil.com,6/11/2019,AB-,Male
16,115,Subeg,Bista,6/12/2019,D,9843000015,d@gmdil.com,6/12/2019,O-,Male
17,116,Aman,Yadhav,6/13/2019,A,9843000016,a@gmail.com,6/13/2019,O+,Male
18,117,Alok,Kumar,6/14/2019,B,9843000017,b@gmbil.com,6/14/2019,A+,Male
19,118,Diwakar,Dulal,6/15/2019,C,9843000018,c@gmcil.com,6/15/2019,B+,Male
20,119,Rossy,Phuysal,6/16/2019,D,9843000019,d@gmdil.com,6/16/2019,A-,Male
21,120,Meher,Maharjan,6/17/2019,A,9843000020,a@gmail.com,6/17/2019,B-,Male
22,121,Laxman,Giri,6/18/2019,B,9843000021,b@gmbil.com,6/18/2019,AB+,Male
23,122,Umesh ,Dangol,6/19/2019,C,9843000022,c@gmcil.com,6/19/2019,AB-,Male
24,123,Roshan,Siwakoti,6/20/2019,D,9843000023,d@gmdil.com,6/20/2019,O-,Male
25,124,Ocean,Shrestha,6/21/2019,A,9843000024,a@gmail.com,6/21/2019,O+,Male
26,125,Ashish,Rai,6/22/2019,B,9843000025,b@gmbil.com,6/22/2019,A+,Male
27,126,Subeg,Bista,6/23/2019,C,9843000026,c@gmcil.com,6/23/2019,B+,Male
28,127,Aman,Yadhav,6/24/2019,D,9843000027,d@gmdil.com,6/24/2019,A-,Male
29,128,Alok,Kumar,6/25/2019,A,9843000028,a@gmail.com,6/25/2019,B-,Male
30,129,Diwakar,Dulal,6/26/2019,B,9843000029,b@gmbil.com,6/26/2019,AB+,Male
31,130,Rossy,Phuysal,6/27/2019,C,9843000030,c@gmcil.com,6/27/2019,AB-,Male
32,131,Meher,Maharjan,6/28/2019,D,9843000031,d@gmdil.com,6/28/2019,O-,Male
33,132,Laxman,Giri,6/29/2019,A,9843000032,a@gmail.com,6/29/2019,O+,Male
34,133,Umesh ,Dangol,6/30/2019,B,9843000033,b@gmbil.com,6/30/2019,A+,Male
35,134,Roshan,Siwakoti,7/1/2019,C,9843000034,c@gmcil.com,7/1/2019,B+,Male
36,135,Ocean,Shrestha,7/2/2019,D,9843000035,d@gmdil.com,7/2/2019,A-,Male
37,136,Ashish,Rai,7/3/2019,A,9843000036,a@gmail.com,7/3/2019,B-,Male
38,137,Subeg,Bista,7/4/2019,B,9843000037,b@gmbil.com,7/4/2019,AB+,Male
39,138,Aman,Yadhav,7/5/2019,C,9843000038,c@gmcil.com,7/5/2019,AB-,Male
40,139,Alok,Kumar,7/6/2019,D,9843000039,d@gmdil.com,7/6/2019,O-,Male
41,140,Diwakar,Dulal,7/7/2019,A,9843000040,a@gmail.com,7/7/2019,O+,Male
42,141,Rossy,Phuysal,7/8/2019,B,9843000041,b@gmbil.com,7/8/2019,A+,Male
43,142,Meher,Maharjan,7/9/2019,C,9843000042,c@gmcil.com,7/9/2019,B+,Male
44,143,Laxman,Giri,7/10/2019,D,9843000043,d@gmdil.com,7/10/2019,A-,Male
45,144,Umesh ,Dangol,7/11/2019,A,9843000044,a@gmail.com,7/11/2019,B-,Male
46,145,Roshan,Siwakoti,7/12/2019,B,9843000045,b@gmbil.com,7/12/2019,AB+,Male
47,146,Ocean,Shrestha,7/13/2019,C,9843000046,c@gmcil.com,7/13/2019,AB-,Male
48,147,Ashish,Rai,7/14/2019,D,9843000047,d@gmdil.com,7/14/2019,O-,Male
49,148,Subeg,Bista,7/15/2019,A,9843000048,a@gmail.com,7/15/2019,O+,Male
50,149,Aman,Yadhav,7/16/2019,B,9843000049,b@gmbil.com,7/16/2019,A+,Male
51,150,Alok,Kumar,7/17/2019,C,9843000050,c@gmcil.com,7/17/2019,B+,Male
52,151,Diwakar,Dulal,7/18/2019,D,9843000051,d@gmdil.com,7/18/2019,A-,Male
53,152,Rossy,Phuysal,7/19/2019,A,9843000052,a@gmail.com,7/19/2019,B-,Male
54,153,Meher,Maharjan,7/20/2019,B,9843000053,b@gmbil.com,7/20/2019,AB+,Male
55,154,Laxman,Giri,7/21/2019,C,9843000054,c@gmcil.com,7/21/2019,AB-,Male
56,155,Umesh ,Dangol,7/22/2019,D,9843000055,d@gmdil.com,7/22/2019,O-,Male
57,156,Roshan,Siwakoti,7/23/2019,A,9843000056,a@gmail.com,7/23/2019,O+,Male
58,157,Ocean,Shrestha,7/24/2019,B,9843000057,b@gmbil.com,7/24/2019,A+,Male
59,158,Ashish,Rai,7/25/2019,C,9843000058,c@gmcil.com,7/25/2019,B+,Male
60,159,Subeg,Bista,7/26/2019,D,9843000059,d@gmdil.com,7/26/2019,A-,Male
61,160,Aman,Yadhav,7/27/2019,A,9843000060,a@gmail.com,7/27/2019,B-,Male
62,161,Alok,Kumar,7/28/2019,B,9843000061,b@gmbil.com,7/28/2019,AB+,Male
63,162,Diwakar,Dulal,7/29/2019,C,9843000062,c@gmcil.com,7/29/2019,AB-,Male
64,163,Rossy,Phuysal,7/30/2019,D,9843000063,d@gmdil.com,7/30/2019,O-,Male
65,164,Meher,Maharjan,7/31/2019,A,9843000064,a@gmail.com,7/31/2019,O+,Male
66,165,Laxman,Giri,8/1/2019,B,9843000065,b@gmbil.com,8/1/2019,A+,Male
67,166,Umesh ,Dangol,8/2/2019,C,9843000066,c@gmcil.com,8/2/2019,B+,Male
68,167,Roshan,Siwakoti,8/3/2019,D,9843000067,d@gmdil.com,8/3/2019,A-,Male
69,168,Ocean,Shrestha,8/4/2019,A,9843000068,a@gmail.com,8/4/2019,B-,Male
70,169,Ashish,Rai,8/5/2019,B,9843000069,b@gmbil.com,8/5/2019,AB+,Male
71,170,Subeg,Bista,8/6/2019,C,9843000070,c@gmcil.com,8/6/2019,AB-,Male
72,171,Aman,Yadhav,8/7/2019,D,9843000071,d@gmdil.com,8/7/2019,O-,Male
73,172,Alok,Kumar,8/8/2019,A,9843000072,a@gmail.com,8/8/2019,O+,Male
74,173,Diwakar,Dulal,8/9/2019,B,9843000073,b@gmbil.com,8/9/2019,A+,Male
75,174,Rossy,Phuysal,8/10/2019,C,9843000074,c@gmcil.com,8/10/2019,B+,Male
76,175,Meher,Maharjan,8/11/2019,D,9843000075,d@gmdil.com,8/11/2019,A-,Male
77,176,Laxman,Giri,8/12/2019,A,9843000076,a@gmail.com,8/12/2019,B-,Male
78,177,Umesh ,Dangol,8/13/2019,B,9843000077,b@gmbil.com,8/13/2019,AB+,Male
79,178,Roshan,Siwakoti,8/14/2019,C,9843000078,c@gmcil.com,8/14/2019,AB-,Male
80,179,Ocean,Shrestha,8/15/2019,D,9843000079,d@gmdil.com,8/15/2019,O-,Male
81,180,Ashish,Rai,8/16/2019,A,9843000080,a@gmail.com,8/16/2019,O+,Male
82,181,Subeg,Bista,8/17/2019,B,9843000081,b@gmbil.com,8/17/2019,A+,Male
83,182,Aman,Yadhav,8/18/2019,C,9843000082,c@gmcil.com,8/18/2019,B+,Male
84,183,Alok,Kumar,8/19/2019,D,9843000083,d@gmdil.com,8/19/2019,A-,Male
85,184,Diwakar,Dulal,8/20/2019,A,9843000084,a@gmail.com,8/20/2019,B-,Male
86,185,Rossy,Phuysal,8/21/2019,B,9843000085,b@gmbil.com,8/21/2019,AB+,Male
87,186,Meher,Maharjan,8/22/2019,C,9843000086,c@gmcil.com,8/22/2019,AB-,Male
88,187,Laxman,Giri,8/23/2019,D,9843000087,d@gmdil.com,8/23/2019,O-,Male
89,188,Umesh ,Dangol,8/24/2019,A,9843000088,a@gmail.com,8/24/2019,O+,Male
90,189,Roshan,Siwakoti,8/25/2019,B,9843000089,b@gmbil.com,8/25/2019,A+,Male
91,190,Ocean,Shrestha,8/26/2019,C,9843000090,c@gmcil.com,8/26/2019,B+,Male
92,191,Ashish,Rai,8/27/2019,D,9843000091,d@gmdil.com,8/27/2019,A-,Male
93,192,Subeg,Bista,8/28/2019,A,9843000092,a@gmail.com,8/28/2019,B-,Male
94,193,Aman,Yadhav,8/29/2019,B,9843000093,b@gmbil.com,8/29/2019,AB+,Male
95,194,Alok,Kumar,8/30/2019,C,9843000094,c@gmcil.com,8/30/2019,AB-,Male
96,195,Diwakar,Dulal,8/31/2019,D,9843000095,d@gmdil.com,8/31/2019,O-,Male
97,196,Rossy,Phuysal,9/1/2019,A,9843000096,a@gmail.com,9/1/2019,O+,Male
98,197,Meher,Maharjan,9/2/2019,B,9843000097,b@gmbil.com,9/2/2019,A+,Male
99,198,Laxman,Giri,9/3/2019,C,9843000098,c@gmcil.com,9/3/2019,B+,Male
100,199,Umesh ,Dangol,9/4/2019,D,9843000099,d@gmdil.com,9/4/2019,A-,Male
